{"loss": [0.10401571542024612, 0.07153704762458801, 0.06822063773870468, 0.06672237068414688, 0.06606119126081467, 0.06579671055078506, 0.06607960164546967, 0.06576145440340042], "accuracy": [0.2929996848106384, 0.4000633656978607, 0.4098035991191864, 0.4128127992153168, 0.41598036885261536, 0.4145549535751343, 0.416930615901947, 0.4164555072784424], "val_loss": [0.08395572751760483, 0.07363251596689224, 0.06905678659677505, 0.06854145228862762, 0.06957137584686279, 0.06822867691516876, 0.06757103651762009, 0.07061327248811722], "val_accuracy": [0.38420000672340393, 0.36250001192092896, 0.4099999964237213, 0.40689998865127563, 0.41179999709129333, 0.3944999873638153, 0.4016000032424927, 0.37070000171661377]}