{"loss": [0.09423667937517166, 0.0696582943201065, 0.06795964390039444, 0.06786110997200012, 0.06716124713420868, 0.06719984859228134, 0.06687333434820175, 0.06741531193256378, 0.06687045097351074, 0.06756854057312012], "accuracy": [0.3279220759868622, 0.4100411832332611, 0.41265442967414856, 0.41415899991989136, 0.4152676463127136, 0.4119417071342468, 0.414792537689209, 0.41265442967414856, 0.4154260456562042, 0.4101203680038452], "val_loss": [0.07614243030548096, 0.07954923808574677, 0.06854778528213501, 0.07871841639280319, 0.06970016658306122, 0.08497331291437149, 0.07036814838647842, 0.07120773196220398, 0.08219627290964127, 0.07513958215713501], "val_accuracy": [0.40234375, 0.3336683511734009, 0.41195914149284363, 0.40434694290161133, 0.3984375, 0.21454326808452606, 0.4188701808452606, 0.39633414149284363, 0.26332131028175354, 0.3249198794364929]}