{"loss": [2.9423956871032715, 2.864783525466919, 2.8594295978546143, 2.8573946952819824, 2.8567869663238525], "accuracy": [0.24351483583450317, 0.24592864513397217, 0.245716854929924, 0.24591204524040222, 0.24515819549560547], "val_loss": [2.888401746749878, 2.877760171890259, 2.876690149307251, 2.8734683990478516, 2.8748233318328857], "val_accuracy": [0.23945876955986023, 0.2397560328245163, 0.23949278891086578, 0.23974664509296417, 0.2395094931125641]}