{"loss": [0.05815161392092705, 0.05243146792054176, 0.05228130519390106, 0.052111513912677765, 0.051987506449222565, 0.05197868123650551, 0.05191410332918167, 0.05181554704904556, 0.05186158046126366, 0.051713112741708755, 0.05160580575466156, 0.051612548530101776, 0.05156741291284561, 0.051521509885787964, 0.05154527723789215, 0.05151296779513359, 0.051558658480644226, 0.05154406279325485, 0.05140863358974457, 0.051374081522226334, 0.05148909240961075, 0.05140353739261627, 0.05137220397591591, 0.05127984285354614, 0.051332026720047, 0.05121985450387001, 0.051202304661273956, 0.051329005509614944, 0.051282141357660294, 0.05124606937170029, 0.05124619975686073], "accuracy": [0.7351593971252441, 0.7386355400085449, 0.7390578389167786, 0.7396236658096313, 0.7396053671836853, 0.7386018633842468, 0.7382493019104004, 0.7376484870910645, 0.7378684282302856, 0.7364686727523804, 0.7374541759490967, 0.7361790537834167, 0.7368203997612, 0.7363750338554382, 0.7370007038116455, 0.7375808358192444, 0.7367414236068726, 0.7366607189178467, 0.7366189360618591, 0.7364677786827087, 0.7361674904823303, 0.7366740107536316, 0.7368108034133911, 0.7363376617431641, 0.7383090257644653, 0.7367493510246277, 0.7375476956367493, 0.7375513315200806, 0.737285852432251, 0.7369913458824158, 0.7375675439834595], "mse": [0.010837037116289139, 0.007456855848431587, 0.007438615430146456, 0.0074017844162881374, 0.007375162094831467, 0.00736244535073638, 0.007361643481999636, 0.007339177653193474, 0.007355484180152416, 0.007326637394726276, 0.007298554293811321, 0.007298753131181002, 0.007292008027434349, 0.007281951606273651, 0.007290823385119438, 0.0072786882519721985, 0.007295736577361822, 0.007293016649782658, 0.007256390061229467, 0.007248938549309969, 0.007283387705683708, 0.007277121301740408, 0.007270673289895058, 0.007232276257127523, 0.00724311638623476, 0.007217569276690483, 0.007210294716060162, 0.007244648411870003, 0.007240830920636654, 0.007230414543300867, 0.007239569444209337], "mae": [0.05815158411860466, 0.05243143439292908, 0.052281253039836884, 0.0521114356815815, 0.05198751017451286, 0.051978666335344315, 0.051914118230342865, 0.051815569400787354, 0.05186159908771515, 0.05171314999461174, 0.05160577595233917, 0.051612552255392075, 0.05156742036342621, 0.05152149870991707, 0.05154524743556976, 0.05151299387216568, 0.05155864357948303, 0.05154406279325485, 0.05140864476561546, 0.05137404426932335, 0.05148909613490105, 0.05140351131558418, 0.051372189074754715, 0.05127982795238495, 0.05133199319243431, 0.051219869405031204, 0.051202256232500076, 0.05132896453142166, 0.051282137632369995, 0.051246024668216705, 0.05124623700976372], "mape": [39923.11328125, 13060.8955078125, 11400.2490234375, 9854.775390625, 8670.5732421875, 6704.36328125, 6535.9521484375, 6520.357421875, 6268.35205078125, 5766.8876953125, 5747.59814453125, 5670.01513671875, 5789.26123046875, 5318.349609375, 5327.34716796875, 5523.75244140625, 5359.59521484375, 5242.8271484375, 5223.0087890625, 5160.6455078125, 5337.6982421875, 4941.08154296875, 5079.14599609375, 4901.791015625, 4774.6015625, 4788.5751953125, 4741.9794921875, 5013.30126953125, 4868.88720703125, 5043.345703125, 4989.9140625], "val_loss": [0.054889533668756485, 0.05359378084540367, 0.054499126970767975, 0.054825831204652786, 0.053998950868844986, 0.054400425404310226, 0.05446616932749748, 0.05438539385795593, 0.05390753969550133, 0.053839366883039474, 0.053123004734516144, 0.05365469306707382, 0.05360272899270058, 0.05369654670357704, 0.05379556864500046, 0.05378143861889839, 0.05302358418703079, 0.05355086550116539, 0.053997498005628586, 0.053834691643714905, 0.0533757209777832, 0.05362742766737938, 0.05336373299360275, 0.05330347269773483, 0.05343559384346008, 0.053405147045850754, 0.05340985581278801, 0.053592681884765625, 0.053552526980638504, 0.05346386879682541, 0.053611040115356445], "val_accuracy": [0.7344231605529785, 0.7358484268188477, 0.7343342900276184, 0.7366874814033508, 0.7391847372055054, 0.7303264141082764, 0.7350777387619019, 0.7316994667053223, 0.7228678464889526, 0.738599956035614, 0.7348578572273254, 0.736164391040802, 0.7357922196388245, 0.7395129203796387, 0.7348994016647339, 0.7353769540786743, 0.7223207354545593, 0.7254855632781982, 0.7371845841407776, 0.7268118858337402, 0.7273164391517639, 0.734577476978302, 0.7305481433868408, 0.7205121517181396, 0.7384547591209412, 0.7382152080535889, 0.7311596274375916, 0.7295231223106384, 0.7378649711608887, 0.7267657518386841, 0.7299490571022034], "val_mse": [0.008071483112871647, 0.007786007132381201, 0.008114632219076157, 0.007750659249722958, 0.00795398373156786, 0.008144088089466095, 0.008103887550532818, 0.00813998281955719, 0.007934748195111752, 0.007841680198907852, 0.00767484912648797, 0.007846442051231861, 0.007796668913215399, 0.007931054569780827, 0.007962899282574654, 0.007860943675041199, 0.007605117280036211, 0.007805101107805967, 0.007901283912360668, 0.007931852713227272, 0.007920567877590656, 0.007887237705290318, 0.007749143987894058, 0.007755013182759285, 0.007871231064200401, 0.007838177494704723, 0.007899541407823563, 0.007809235714375973, 0.007807309739291668, 0.00791205745190382, 0.007844243198633194], "val_mae": [0.05488954111933708, 0.05359377712011337, 0.05449911579489708, 0.054825857281684875, 0.05399895831942558, 0.05440041795372963, 0.05446617677807808, 0.054385390132665634, 0.053907543420791626, 0.053839363157749176, 0.05312300845980644, 0.05365470051765442, 0.05360274389386177, 0.05369655415415764, 0.053795572370290756, 0.053781431168317795, 0.053023580461740494, 0.05355086177587509, 0.05399750545620918, 0.053834691643714905, 0.053375694900751114, 0.05362742021679878, 0.05336373671889305, 0.05330347642302513, 0.053435612469911575, 0.05340512841939926, 0.05340985581278801, 0.05359267070889473, 0.053552523255348206, 0.05346386879682541, 0.05361105129122734], "val_mape": [21241.26171875, 9751.2626953125, 6823.5478515625, 22675.36328125, 11017.443359375, 4711.6650390625, 6306.95703125, 3264.17529296875, 4488.61962890625, 7923.98388671875, 3300.428466796875, 4641.14794921875, 5955.6064453125, 2445.70263671875, 3900.353271484375, 5085.47216796875, 2729.0478515625, 6124.1796875, 7032.19140625, 3754.50634765625, 4876.4521484375, 3215.99609375, 6111.7412109375, 4116.5263671875, 4037.240234375, 3650.400146484375, 3090.424560546875, 3878.273193359375, 3471.393798828125, 2865.8759765625, 6561.08447265625]}