{"loss": [0.05625729635357857], "accuracy": [0.7343578338623047], "mse": [0.009416449815034866], "mae": [0.05625730752944946], "mape": [31783.07421875], "val_loss": [0.0549280159175396], "val_accuracy": [0.7351130843162537], "val_mse": [0.00820272695273161], "val_mae": [0.054928045719861984], "val_mape": [7753.5087890625]}