{"loss": [0.09454798698425293, 0.06959159672260284, 0.0683930367231369, 0.06817835569381714, 0.06788182258605957, 0.06684459000825882, 0.06740864366292953, 0.06748239696025848, 0.06660325825214386, 0.06689395010471344], "accuracy": [0.3318815231323242, 0.40940767526626587, 0.41233766078948975, 0.41099146008491516, 0.4101995527744293, 0.4136046767234802, 0.4128127992153168, 0.41273361444473267, 0.41574278473854065, 0.41233766078948975], "val_loss": [0.0788981094956398, 0.07482393085956573, 0.06843038648366928, 0.06923971325159073, 0.06952308863401413, 0.06743926554918289, 0.0678570419549942, 0.06863336265087128, 0.06898226588964462, 0.0698276087641716], "val_accuracy": [0.34665465354919434, 0.3734976053237915, 0.41546472907066345, 0.3912259638309479, 0.4149639308452606, 0.4131610691547394, 0.41326120495796204, 0.40484777092933655, 0.40985578298568726, 0.3876201808452606]}