{"loss": [0.11247362196445465, 0.10931015014648438, 0.10622376948595047, 0.10387980937957764, 0.10281553864479065, 0.10174200683832169, 0.1004662811756134, 0.09968562424182892, 0.09858982264995575, 0.09761260449886322, 0.09678976982831955, 0.09611978381872177, 0.09550242871046066, 0.09484008699655533, 0.09429900348186493, 0.09417849034070969, 0.09352685511112213, 0.09297721832990646, 0.09261070936918259, 0.0924844741821289, 0.09191296994686127, 0.09167490154504776, 0.09133192151784897, 0.09098397940397263, 0.09025753289461136, 0.0901360809803009, 0.08953864872455597, 0.08945198357105255, 0.08925577998161316, 0.08919043093919754], "accuracy": [0.022727273404598236, 0.03025023825466633, 0.04181184619665146, 0.05590750649571419, 0.05844155699014664, 0.06849857419729233, 0.0764174833893776, 0.08908773958683014, 0.09756097197532654, 0.10753880441188812, 0.11941716820001602, 0.13462147116661072, 0.14198605716228485, 0.15085524320602417, 0.1633671224117279, 0.168276846408844, 0.18086791038513184, 0.18300601840019226, 0.18751980364322662, 0.19773519039154053, 0.20145708322525024, 0.20319923758506775, 0.20533734560012817, 0.210643008351326, 0.21515679359436035, 0.22070002555847168, 0.22592651844024658, 0.23036110401153564, 0.23091542720794678, 0.23709218204021454], "val_loss": [0.10833483189344406, 0.10677782446146011, 0.10523641854524612, 0.10389341413974762, 0.10218245536088943, 0.10135730355978012, 0.10069849342107773, 0.0993671864271164, 0.09878341853618622, 0.09774632751941681, 0.09712505340576172, 0.0968661680817604, 0.0961085855960846, 0.09583912044763565, 0.09538520872592926, 0.0944145992398262, 0.09477721899747849, 0.09481992572546005, 0.09354230016469955, 0.09303844720125198, 0.0926797166466713, 0.09189087897539139, 0.09240011870861053, 0.09179115295410156, 0.0918935164809227, 0.09168676286935806, 0.09073098003864288, 0.08990902453660965, 0.0908503532409668, 0.08985136449337006], "val_accuracy": [0.030649038031697273, 0.03826121613383293, 0.050681088119745255, 0.05788944661617279, 0.0690104141831398, 0.07071314007043839, 0.07772435992956161, 0.09495192021131516, 0.10717147588729858, 0.11768829822540283, 0.12259615212678909, 0.13321314752101898, 0.14643429219722748, 0.14833733439445496, 0.16015625, 0.17356784641742706, 0.17698317766189575, 0.17758414149284363, 0.19280849397182465, 0.19441105425357819, 0.1979166716337204, 0.21314102411270142, 0.20192307233810425, 0.20923477411270142, 0.21173878014087677, 0.21975159645080566, 0.22663316130638123, 0.2369791716337204, 0.23217147588729858, 0.23868189752101898]}