{"loss": [0.10013081133365631, 0.07152723520994186, 0.06802230328321457, 0.06711611151695251, 0.06667383760213852], "accuracy": [0.323408305644989, 0.4026765823364258, 0.4115457832813263, 0.41075387597084045, 0.41605955362319946], "val_loss": [0.1265699416399002, 0.07546078413724899, 0.07702423632144928, 0.07092639058828354, 0.09131373465061188], "val_accuracy": [0.03310000151395798, 0.387800008058548, 0.3621000051498413, 0.38519999384880066, 0.11879999935626984]}