{"loss": [3.845545530319214, 3.5079526901245117, 3.4083356857299805], "accuracy": [0.21922974288463593, 0.2474755346775055, 0.24585093557834625], "val_loss": [3.6318840980529785, 3.4569194316864014, 3.3987669944763184], "val_accuracy": [0.2389279156923294, 0.2405933439731598, 0.2409493774175644]}