{"loss": [0.11199942231178284, 0.10867907106876373, 0.10629339516162872, 0.10428515076637268, 0.10255977511405945, 0.1014554351568222, 0.10035297274589539, 0.09903817623853683, 0.09823910146951675, 0.09736400842666626, 0.09643031656742096, 0.09632374346256256, 0.09532345086336136, 0.0950511023402214, 0.09439002722501755, 0.09384564310312271, 0.09328856319189072, 0.09310036152601242, 0.09213399142026901, 0.09249202907085419, 0.09105005115270615, 0.09165345132350922, 0.09075196087360382, 0.09076506644487381, 0.09058497101068497, 0.08991274982690811, 0.0900808721780777, 0.0896676629781723, 0.08914268761873245, 0.0888386145234108], "accuracy": [0.030408615246415138, 0.03808995708823204, 0.043633196502923965, 0.050601836293935776, 0.06240101531147957, 0.07435856759548187, 0.08528666198253632, 0.09637314081192017, 0.10611339658498764, 0.12108013778924942, 0.13414634764194489, 0.1392144411802292, 0.14879631996154785, 0.15378524363040924, 0.161466583609581, 0.170256569981575, 0.17595818638801575, 0.18514412641525269, 0.18815331161022186, 0.19116249680519104, 0.20121951401233673, 0.20121951401233673, 0.20850491523742676, 0.21301868557929993, 0.21491922438144684, 0.22418434917926788, 0.21895787119865417, 0.22529299557209015, 0.22917327284812927, 0.23194488883018494], "val_loss": [0.10731317847967148, 0.10707689821720123, 0.10572696477174759, 0.10397392511367798, 0.10255452245473862, 0.10117305815219879, 0.10070468485355377, 0.09967712312936783, 0.09849729388952255, 0.09784311801195145, 0.0977075845003128, 0.09668990224599838, 0.09606989473104477, 0.09584000706672668, 0.09561437368392944, 0.09481197595596313, 0.09475915879011154, 0.09397146850824356, 0.09318073838949203, 0.09382926672697067, 0.09336218982934952, 0.09258831292390823, 0.09252952039241791, 0.09177921712398529, 0.09170831739902496, 0.09142014384269714, 0.09061279892921448, 0.09070760756731033, 0.0909811481833458, 0.09025909006595612], "val_accuracy": [0.04186698794364929, 0.04136618599295616, 0.044971954077482224, 0.05538862198591232, 0.06580528616905212, 0.08042868226766586, 0.08343349397182465, 0.1002604141831398, 0.11578525602817535, 0.12770432233810425, 0.13531650602817535, 0.14623115956783295, 0.14503204822540283, 0.1551482379436493, 0.16626602411270142, 0.1655649095773697, 0.17267628014087677, 0.17758414149284363, 0.18950320780277252, 0.18309295177459717, 0.19330929219722748, 0.2003205120563507, 0.205125629901886, 0.20913460850715637, 0.203125, 0.21233974397182465, 0.2150440663099289, 0.22235576808452606, 0.21814903616905212, 0.22816506028175354]}