{"loss": [0.10572978109121323, 0.07923635095357895, 0.07165037840604782, 0.06747801601886749, 0.06657743453979492], "accuracy": [0.30345264077186584, 0.3740101456642151, 0.3976876735687256, 0.4115457832813263, 0.4132087528705597], "val_loss": [0.08167266100645065, 0.08340618014335632, 0.07351430505514145, 0.07144508510828018, 0.0746077373623848], "val_accuracy": [0.36579999327659607, 0.3100999891757965, 0.33559998869895935, 0.4221000075340271, 0.3517000079154968]}